table_schema,table_name,column_name,data_type,row_count,null_percent,modifiers,max_length,relation_type,referenced_table,referenced_column,mcv,mcv_frequencies,avg_column_width_bytes,ndistinct
bookings,airplanes_data,airplane_code,character(3),10,0.00,PK,3,NULL,NULL,NULL,NULL,NULL,4,-1
bookings,airplanes_data,model,jsonb,10,0.00,,-1,NULL,NULL,NULL,NULL,NULL,63,-1
bookings,airplanes_data,range,integer,10,0.00,,-1,NULL,NULL,NULL,NULL,NULL,4,-1
bookings,airplanes_data,speed,integer,10,0.00,,-1,NULL,NULL,NULL,{913},{0.2},4,-1
bookings,airports_data,airport_code,character(3),5501,0.00,PK,3,NULL,NULL,NULL,NULL,NULL,4,-1
bookings,airports_data,airport_name,jsonb,5501,0.00,,-1,NULL,NULL,NULL,"{""{\""en\"": \""Newcastle\"", \""ru\"": \""Ньюкасл\""}"",""{\""en\"": \""Palm Beach\"", \""ru\"": \""Палм-Бич\""}"",""{\""en\"": \""Portland\"", \""ru\"": \""Портленд\""}"",""{\""en\"": \""San Pedro\"", \""ru\"": \""Сан-Педро\""}"",""{\""en\"": \""Santa Maria\"", \""ru\"": \""Санта-Мария\""}"",""{\""en\"": \""Aberdeen\"", \""ru\"": \""Абердин\""}"",""{\""en\"": \""Ardmore\"", \""ru\"": \""Ардмор\""}"",""{\""en\"": \""Argyle\"", \""ru\"": \""Аргайл\""}"",""{\""en\"": \""Bathurst\"", \""ru\"": \""Батерст\""}"",""{\""en\"": \""Beaver\"", \""ru\"": \""Бивер\""}"",""{\""en\"": \""Boulder\"", \""ru\"": \""Боулдер\""}"",""{\""en\"": \""Capital City\"", \""ru\"": \""Кэпитал-Сити\""}"",""{\""en\"": \""Chautauqua\"", \""ru\"": \""Шатокуа\""}"",""{\""en\"": \""Cincinnati\"", \""ru\"": \""Цинциннати\""}"",""{\""en\"": \""Columbia\"", \""ru\"": \""Колумбия\""}"",""{\""en\"": \""Columbus\"", \""ru\"": \""Колумбус\""}"",""{\""en\"": \""Cornwall\"", \""ru\"": \""Корнуолл\""}"",""{\""en\"": \""Deer Lake\"", \""ru\"": \""Дир-Лейк\""}"",""{\""en\"": \""Del Rio\"", \""ru\"": \""Дель-Рио\""}"",""{\""en\"": \""Delta\"", \""ru\"": \""Дельта\""}"",""{\""en\"": \""Destin\"", \""ru\"": \""Дестин\""}"",""{\""en\"": \""Eagle\"", \""ru\"": \""Игл\""}"",""{\""en\"": \""Ely\"", \""ru\"": \""Или\""}"",""{\""en\"": \""Fort Smith\"", \""ru\"": \""Форт-Смит\""}"",""{\""en\"": \""Fort Worth\"", \""ru\"": \""Форт-Уэрт\""}"",""{\""en\"": \""Fulton\"", \""ru\"": \""Фултон\""}"",""{\""en\"": \""Ganzhou\"", \""ru\"": \""Ганьчжоу\""}"",""{\""en\"": \""Geraldton\"", \""ru\"": \""Джералдтон\""}"",""{\""en\"": \""Grand Forks\"", \""ru\"": \""Гранд-Форкс\""}"",""{\""en\"": \""Hamilton\"", \""ru\"": \""Гамильтон\""}"",""{\""en\"": \""Hancock\"", \""ru\"": \""Хэнкок\""}"",""{\""en\"": \""Hilton Head\"", \""ru\"": \""Хилтон-Хед\""}"",""{\""en\"": \""Hobart\"", \""ru\"": \""Хобарт\""}"",""{\""en\"": \""Holman\"", \""ru\"": \""Холман\""}"",""{\""en\"": \""Hood\"", \""ru\"": \""Худ\""}"",""{\""en\"": \""Jacksonville\"", \""ru\"": \""Джэксонвилл\""}"",""{\""en\"": \""King Abdulaziz\"", \""ru\"": \""Король Абдулазиз\""}"",""{\""en\"": \""King Hussein\"", \""ru\"": \""Король Хусейн\""}"",""{\""en\"": \""La Florida\"", \""ru\"": \""Ла-Флорида\""}"",""{\""en\"": \""Lake\"", \""ru\"": \""Лейк\""}"",""{\""en\"": \""Langley\"", \""ru\"": \""Лэнгли\""}"",""{\""en\"": \""La Plata\"", \""ru\"": \""Ла-Плата\""}"",""{\""en\"": \""Lawrence\"", \""ru\"": \""Лоуренс\""}"",""{\""en\"": \""Melbourne\"", \""ru\"": \""Мельбурн\""}"",""{\""en\"": \""Mercer\"", \""ru\"": \""Мерсер\""}"",""{\""en\"": \""Miami\"", \""ru\"": \""Майами\""}"",""{\""en\"": \""Minot\"", \""ru\"": \""Майнот\""}"",""{\""en\"": \""Mission\"", \""ru\"": \""Миссия\""}"",""{\""en\"": \""Mobile\"", \""ru\"": \""Мобил\""}"",""{\""en\"": \""Monroe\"", \""ru\"": \""Монро\""}"",""{\""en\"": \""Montgomery\"", \""ru\"": \""Монтгомери\""}"",""{\""en\"": \""Naha\"", \""ru\"": \""Наха\""}"",""{\""en\"": \""Naples\"", \""ru\"": \""Неаполь\""}"",""{\""en\"": \""Nogales\"", \""ru\"": \""Ногалес\""}"",""{\""en\"": \""Norfolk\"", \""ru\"": \""Норфолк\""}"",""{\""en\"": \""Oakland\"", \""ru\"": \""Окленд\""}"",""{\""en\"": \""Ontario\"", \""ru\"": \""Онтарио\""}"",""{\""en\"": \""Orange\"", \""ru\"": \""Ориндж\""}"",""{\""en\"": \""Orlando\"", \""ru\"": \""Орландо\""}"",""{\""en\"": \""Page\"", \""ru\"": \""Пейдж\""}"",""{\""en\"": \""Pecos\"", \""ru\"": \""Пекос\""}"",""{\""en\"": \""Pemba\"", \""ru\"": \""Пемба\""}"",""{\""en\"": \""Pensacola\"", \""ru\"": \""Пенсакола\""}"",""{\""en\"": \""Perth\"", \""ru\"": \""Перт\""}"",""{\""en\"": \""Plymouth\"", \""ru\"": \""Плимут\""}"",""{\""en\"": \""Queenstown\"", \""ru\"": \""Квинстаун\""}"",""{\""en\"": \""Richmond\"", \""ru\"": \""Ричмонд\""}"",""{\""en\"": \""Riverside\"", \""ru\"": \""Риверсайд\""}"",""{\""en\"": \""Roberts\"", \""ru\"": \""Робертс\""}"",""{\""en\"": \""Rochester\"", \""ru\"": \""Рочестер\""}"",""{\""en\"": \""Rota\"", \""ru\"": \""Рота\""}"",""{\""en\"": \""Sacramento\"", \""ru\"": \""Сакраменто\""}"",""{\""en\"": \""San Carlos\"", \""ru\"": \""Сан-Карлос\""}"",""{\""en\"": \""San Fernando\"", \""ru\"": \""Сан-Фернандо\""}"",""{\""en\"": \""Şanlıurfa\"", \""ru\"": \""Шанлыурфа\""}"",""{\""en\"": \""Santa Ana\"", \""ru\"": \""Санта-Ана\""}"",""{\""en\"": \""Santa Cruz\"", \""ru\"": \""Санта-Крус\""}"",""{\""en\"": \""Santa Rosa\"", \""ru\"": \""Санта-Роса\""}"",""{\""en\"": \""Santa Terezinha\"", \""ru\"": \""Санта-Терезинья\""}"",""{\""en\"": \""Simón Bolívar\"", \""ru\"": \""Симон Боливар\""}"",""{\""en\"": \""Sola\"", \""ru\"": \""Сола\""}"",""{\""en\"": \""St. George\"", \""ru\"": \""Сент-Джордж\""}"",""{\""en\"": \""St. Mary's\"", \""ru\"": \""Сент-Мэрис\""}"",""{\""en\"": \""Vermilion\"", \""ru\"": \""Вермилион\""}"",""{\""en\"": \""Victoria\"", \""ru\"": \""Виктория\""}"",""{\""en\"": \""Waco\"", \""ru\"": \""Уэйко\""}"",""{\""en\"": \""Warren\"", \""ru\"": \""Уоррен\""}"",""{\""en\"": \""Watertown\"", \""ru\"": \""Уотертаун\""}"",""{\""en\"": \""Whiteman\"", \""ru\"": \""Уайтмен\""}"",""{\""en\"": \""Xiguan\"", \""ru\"": \""Сигуань\""}"",""{\""en\"": \""Yellowstone\"", \""ru\"": \""Йеллоустон\""}"",""{\""en\"": \""Yosemite\"", \""ru\"": \""Йосемити\""}""}","{0.0005453554,0.0005453554,0.0005453554,0.0005453554,0.0005453554,0.00036357026,0.00036357026,0.00036357026,0.00036357026,0.00036357026,0.00036357026,0.00036357026,0.00036357026,0.00036357026,0.00036357026,0.00036357026,0.00036357026,0.00036357026,0.00036357026,0.00036357026,0.00036357026,0.00036357026,0.00036357026,0.00036357026,0.00036357026,0.00036357026,0.00036357026,0.00036357026,0.00036357026,0.00036357026,0.00036357026,0.00036357026,0.00036357026,0.00036357026,0.00036357026,0.00036357026,0.00036357026,0.00036357026,0.00036357026,0.00036357026,0.00036357026,0.00036357026,0.00036357026,0.00036357026,0.00036357026,0.00036357026,0.00036357026,0.00036357026,0.00036357026,0.00036357026,0.00036357026,0.00036357026,0.00036357026,0.00036357026,0.00036357026,0.00036357026,0.00036357026,0.00036357026,0.00036357026,0.00036357026,0.00036357026,0.00036357026,0.00036357026,0.00036357026,0.00036357026,0.00036357026,0.00036357026,0.00036357026,0.00036357026,0.00036357026,0.00036357026,0.00036357026,0.00036357026,0.00036357026,0.00036357026,0.00036357026,0.00036357026,0.00036357026,0.00036357026,0.00036357026,0.00036357026,0.00036357026,0.00036357026,0.00036357026,0.00036357026,0.00036357026,0.00036357026,0.00036357026,0.00036357026,0.00036357026,0.00036357026,0.00036357026}",52,-1
bookings,airports_data,city,jsonb,5501,0.00,,-1,NULL,NULL,NULL,"{""{\""en\"": \""London\"", \""ru\"": \""Лондон\""}"",""{\""en\"": \""Houston\"", \""ru\"": \""Хьюстон\""}"",""{\""en\"": \""Chicago\"", \""ru\"": \""Чикаго\""}"",""{\""en\"": \""Berlin\"", \""ru\"": \""Берлин\""}"",""{\""en\"": \""Columbus\"", \""ru\"": \""Колумбус\""}"",""{\""en\"": \""Georgetown\"", \""ru\"": \""Джорджтаун\""}"",""{\""en\"": \""Jacksonville\"", \""ru\"": \""Джэксонвилл\""}"",""{\""en\"": \""Las Vegas\"", \""ru\"": \""Лас-Вегас\""}"",""{\""en\"": \""Moscow\"", \""ru\"": \""Москва\""}"",""{\""en\"": \""Newcastle\"", \""ru\"": \""Ньюкасл\""}"",""{\""en\"": \""San Jose\"", \""ru\"": \""Сан-Хосе\""}"",""{\""en\"": \""Alexandria\"", \""ru\"": \""Александрия\""}"",""{\""en\"": \""Athens\"", \""ru\"": \""Афины\""}"",""{\""en\"": \""Cleveland\"", \""ru\"": \""Кливленд\""}"",""{\""en\"": \""Dallas\"", \""ru\"": \""Даллас\""}"",""{\""en\"": \""Fayetteville\"", \""ru\"": \""Фейетвилл\""}"",""{\""en\"": \""Hamilton\"", \""ru\"": \""Гамильтон\""}"",""{\""en\"": \""Johannesburg\"", \""ru\"": \""Йоханнесбург\""}"",""{\""en\"": \""Los Angeles\"", \""ru\"": \""Лос-Анджелес\""}"",""{\""en\"": \""Melbourne\"", \""ru\"": \""Мельбурн\""}"",""{\""en\"": \""Miami\"", \""ru\"": \""Майами\""}"",""{\""en\"": \""New York\"", \""ru\"": \""Нью-Йорк\""}"",""{\""en\"": \""Paris\"", \""ru\"": \""Париж\""}"",""{\""en\"": \""Phoenix\"", \""ru\"": \""Финикс\""}"",""{\""en\"": \""Sacramento\"", \""ru\"": \""Сакраменто\""}"",""{\""en\"": \""San Diego\"", \""ru\"": \""Сан-Диего\""}"",""{\""en\"": \""Santiago\"", \""ru\"": \""Сантьяго\""}"",""{\""en\"": \""Santo Domingo\"", \""ru\"": \""Санто-Доминго\""}"",""{\""en\"": \""Singapore\"", \""ru\"": \""Сингапур\""}"",""{\""en\"": \""Stockholm\"", \""ru\"": \""Стокгольм\""}"",""{\""en\"": \""Toronto\"", \""ru\"": \""Торонто\""}"",""{\""en\"": \""Victoria\"", \""ru\"": \""Виктория\""}"",""{\""en\"": \""Aberdeen\"", \""ru\"": \""Абердин\""}"",""{\""en\"": \""Abu Dhabi\"", \""ru\"": \""Абу-Даби\""}"",""{\""en\"": \""Akron\"", \""ru\"": \""Акрон\""}"",""{\""en\"": \""Anchorage\"", \""ru\"": \""Анкоридж\""}"",""{\""en\"": \""Atlanta\"", \""ru\"": \""Атланта\""}"",""{\""en\"": \""Augusta\"", \""ru\"": \""Огаста\""}"",""{\""en\"": \""Beijing\"", \""ru\"": \""Пекин\""}"",""{\""en\"": \""Bristol\"", \""ru\"": \""Бристоль\""}"",""{\""en\"": \""Buenos Aires\"", \""ru\"": \""Буэнос-Айрес\""}"",""{\""en\"": \""Concord\"", \""ru\"": \""Конкорд\""}"",""{\""en\"": \""Dayton\"", \""ru\"": \""Дейтон\""}"",""{\""en\"": \""Denver\"", \""ru\"": \""Денвер\""}"",""{\""en\"": \""Detroit\"", \""ru\"": \""Детройт\""}"",""{\""en\"": \""Fort Worth\"", \""ru\"": \""Форт-Уэрт\""}"",""{\""en\"": \""Glasgow\"", \""ru\"": \""Глазго\""}"",""{\""en\"": \""Greenville\"", \""ru\"": \""Гринвилл\""}"",""{\""en\"": \""Hyderabad\"", \""ru\"": \""Хайдарабад\""}"",""{\""en\"": \""Jackson\"", \""ru\"": \""Джексон\""}"",""{\""en\"": \""Jakarta\"", \""ru\"": \""Джакарта\""}"",""{\""en\"": \""Kingston\"", \""ru\"": \""Кингстон\""}"",""{\""en\"": \""Kyiv\"", \""ru\"": \""Киев\""}"",""{\""en\"": \""Milan\"", \""ru\"": \""Милан\""}"",""{\""en\"": \""Montgomery\"", \""ru\"": \""Монтгомери\""}"",""{\""en\"": \""Montreal\"", \""ru\"": \""Монреаль\""}"",""{\""en\"": \""New Orleans\"", \""ru\"": \""Новый Орлеан\""}"",""{\""en\"": \""Oklahoma City\"", \""ru\"": \""Оклахома-Сити\""}"",""{\""en\"": \""Orlando\"", \""ru\"": \""Орландо\""}"",""{\""en\"": \""Oslo\"", \""ru\"": \""Осло\""}"",""{\""en\"": \""Palm Springs\"", \""ru\"": \""Палм-Спрингс\""}"",""{\""en\"": \""Panama City\"", \""ru\"": \""Панама-Сити\""}"",""{\""en\"": \""Perth\"", \""ru\"": \""Перт\""}"",""{\""en\"": \""Philadelphia\"", \""ru\"": \""Филадельфия\""}"",""{\""en\"": \""Portland\"", \""ru\"": \""Портленд\""}"",""{\""en\"": \""Rochester\"", \""ru\"": \""Рочестер\""}"",""{\""en\"": \""San Antonio\"", \""ru\"": \""Сан-Антонио\""}"",""{\""en\"": \""San Juan\"", \""ru\"": \""Сан-Хуан\""}"",""{\""en\"": \""Santa Ana\"", \""ru\"": \""Санта-Ана\""}"",""{\""en\"": \""Santa Cruz\"", \""ru\"": \""Санта-Крус\""}"",""{\""en\"": \""Seoul\"", \""ru\"": \""Сеул\""}"",""{\""en\"": \""Spokane\"", \""ru\"": \""Спокан\""}"",""{\""en\"": \""Springfield\"", \""ru\"": \""Спрингфилд\""}"",""{\""en\"": \""Sydney\"", \""ru\"": \""Сидней\""}"",""{\""en\"": \""Tokyo\"", \""ru\"": \""Токио\""}"",""{\""en\"": \""Tripoli\"", \""ru\"": \""Триполи\""}"",""{\""en\"": \""Tucson\"", \""ru\"": \""Тусон\""}"",""{\""en\"": \""Venice\"", \""ru\"": \""Венеция\""}"",""{\""en\"": \""Washington\"", \""ru\"": \""Вашингтон\""}"",""{\""en\"": \""Wichita\"", \""ru\"": \""Уичито\""}"",""{\""en\"": \""Wilmington\"", \""ru\"": \""Уилмингтон\""}"",""{\""en\"": \""Abilene\"", \""ru\"": \""Абилин\""}"",""{\""en\"": \""Adana\"", \""ru\"": \""Адана\""}"",""{\""en\"": \""Alamogordo\"", \""ru\"": \""Аламогордо\""}"",""{\""en\"": \""Albany\"", \""ru\"": \""Олбани\""}"",""{\""en\"": \""Amman\"", \""ru\"": \""Амман\""}"",""{\""en\"": \""Ankara\"", \""ru\"": \""Анкара\""}"",""{\""en\"": \""Apia\"", \""ru\"": \""Апиа\""}"",""{\""en\"": \""Ardmore\"", \""ru\"": \""Ардмор\""}"",""{\""en\"": \""Arkhangelsk\"", \""ru\"": \""Архангельск\""}"",""{\""en\"": \""Arusha\"", \""ru\"": \""Аруша\""}"",""{\""en\"": \""Bagan\"", \""ru\"": \""Баган\""}"",""{\""en\"": \""Baltimore\"", \""ru\"": \""Балтимор\""}"",""{\""en\"": \""Bandar Abbas\"", \""ru\"": \""Бендер-Аббас\""}"",""{\""en\"": \""Bangkok\"", \""ru\"": \""Бангкок\""}"",""{\""en\"": \""Barcelona\"", \""ru\"": \""Барселона\""}"",""{\""en\"": \""Barrow Island\"", \""ru\"": \""Остров Барроу\""}"",""{\""en\"": \""Bathurst\"", \""ru\"": \""Батерст\""}"",""{\""en\"": \""Bauru\"", \""ru\"": \""Бауру\""}"",""{\""en\"": \""Beaumont\"", \""ru\"": \""Бомонт\""}""}","{0.001454281,0.001272496,0.0010907107,0.00090892566,0.00090892566,0.00090892566,0.00090892566,0.00090892566,0.00090892566,0.00090892566,0.00090892566,0.0007271405,0.0007271405,0.0007271405,0.0007271405,0.0007271405,0.0007271405,0.0007271405,0.0007271405,0.0007271405,0.0007271405,0.0007271405,0.0007271405,0.0007271405,0.0007271405,0.0007271405,0.0007271405,0.0007271405,0.0007271405,0.0007271405,0.0007271405,0.0007271405,0.0005453554,0.0005453554,0.0005453554,0.0005453554,0.0005453554,0.0005453554,0.0005453554,0.0005453554,0.0005453554,0.0005453554,0.0005453554,0.0005453554,0.0005453554,0.0005453554,0.0005453554,0.0005453554,0.0005453554,0.0005453554,0.0005453554,0.0005453554,0.0005453554,0.0005453554,0.0005453554,0.0005453554,0.0005453554,0.0005453554,0.0005453554,0.0005453554,0.0005453554,0.0005453554,0.0005453554,0.0005453554,0.0005453554,0.0005453554,0.0005453554,0.0005453554,0.0005453554,0.0005453554,0.0005453554,0.0005453554,0.0005453554,0.0005453554,0.0005453554,0.0005453554,0.0005453554,0.0005453554,0.0005453554,0.0005453554,0.0005453554,0.00036357026,0.00036357026,0.00036357026,0.00036357026,0.00036357026,0.00036357026,0.00036357026,0.00036357026,0.00036357026,0.00036357026,0.00036357026,0.00036357026,0.00036357026,0.00036357026,0.00036357026,0.00036357026,0.00036357026,0.00036357026,0.00036357026}",49,-1
bookings,airports_data,country,jsonb,5501,0.00,,-1,NULL,NULL,NULL,"{""{\""en\"": \""United States\"", \""ru\"": \""Соединенные Штаты\""}"",""{\""en\"": \""Canada\"", \""ru\"": \""Канада\""}"",""{\""en\"": \""Australia\"", \""ru\"": \""Австралия\""}"",""{\""en\"": \""China\"", \""ru\"": \""Китай\""}"",""{\""en\"": \""Brazil\"", \""ru\"": \""Бразилия\""}"",""{\""en\"": \""Russia\"", \""ru\"": \""Россия\""}"",""{\""en\"": \""France\"", \""ru\"": \""Франция\""}"",""{\""en\"": \""India\"", \""ru\"": \""Индия\""}"",""{\""en\"": \""Indonesia\"", \""ru\"": \""Индонезия\""}"",""{\""en\"": \""United Kingdom\"", \""ru\"": \""Соединенное Королевство\""}"",""{\""en\"": \""Germany\"", \""ru\"": \""Германия\""}"",""{\""en\"": \""Japan\"", \""ru\"": \""Япония\""}"",""{\""en\"": \""Argentina\"", \""ru\"": \""Аргентина\""}"",""{\""en\"": \""Mexico\"", \""ru\"": \""Мексика\""}"",""{\""en\"": \""Iran\"", \""ru\"": \""Иран, Исламская Республика\""}"",""{\""en\"": \""Colombia\"", \""ru\"": \""Колумбия\""}"",""{\""en\"": \""Turkey\"", \""ru\"": \""Турция\""}"",""{\""en\"": \""South Africa\"", \""ru\"": \""Южная Африка\""}"",""{\""en\"": \""Italy\"", \""ru\"": \""Италия\""}"",""{\""en\"": \""Norway\"", \""ru\"": \""Норвегия\""}"",""{\""en\"": \""Philippines\"", \""ru\"": \""Филиппины\""}"",""{\""en\"": \""Spain\"", \""ru\"": \""Испания\""}"",""{\""en\"": \""Sweden\"", \""ru\"": \""Швеция\""}"",""{\""en\"": \""Venezuela\"", \""ru\"": \""Венесуэла Боливарианская Республика\""}"",""{\""en\"": \""Greece\"", \""ru\"": \""Греция\""}"",""{\""en\"": \""New Zealand\"", \""ru\"": \""Новая Зеландия\""}"",""{\""en\"": \""Madagascar\"", \""ru\"": \""Мадагаскар\""}"",""{\""en\"": \""Thailand\"", \""ru\"": \""Таиланд\""}"",""{\""en\"": \""Pakistan\"", \""ru\"": \""Пакистан\""}"",""{\""en\"": \""Algeria\"", \""ru\"": \""Алжир\""}"",""{\""en\"": \""Malaysia\"", \""ru\"": \""Малайзия\""}"",""{\""en\"": \""Congo Republic\"", \""ru\"": \""Конго\""}"",""{\""en\"": \""Myanmar\"", \""ru\"": \""Мьянма\""}"",""{\""en\"": \""Finland\"", \""ru\"": \""Финляндия\""}"",""{\""en\"": \""French Polynesia\"", \""ru\"": \""Французская Полинезия\""}"",""{\""en\"": \""Nepal\"", \""ru\"": \""Непал\""}"",""{\""en\"": \""Peru\"", \""ru\"": \""Перу\""}"",""{\""en\"": \""Saudi Arabia\"", \""ru\"": \""Саудовская Аравия\""}"",""{\""en\"": \""Chile\"", \""ru\"": \""Чили\""}"",""{\""en\"": \""Vanuatu\"", \""ru\"": \""Вануату\""}"",""{\""en\"": \""Bahamas\"", \""ru\"": \""Багамы\""}"",""{\""en\"": \""Ethiopia\"", \""ru\"": \""Эфиопия\""}"",""{\""en\"": \""Papua New Guinea\"", \""ru\"": \""Папуа-Новая Гвинея\""}"",""{\""en\"": \""Cuba\"", \""ru\"": \""Куба\""}"",""{\""en\"": \""Kenya\"", \""ru\"": \""Кения\""}"",""{\""en\"": \""Solomon Islands\"", \""ru\"": \""Соломоновы острова\""}"",""{\""en\"": \""South Korea\"", \""ru\"": \""Корея, Республика\""}"",""{\""en\"": \""Angola\"", \""ru\"": \""Ангола\""}"",""{\""en\"": \""Bolivia\"", \""ru\"": \""Боливия\""}"",""{\""en\"": \""Portugal\"", \""ru\"": \""Португалия\""}"",""{\""en\"": \""Vietnam\"", \""ru\"": \""Вьетнам\""}"",""{\""en\"": \""Costa Rica\"", \""ru\"": \""Коста-Рика\""}"",""{\""en\"": \""Ecuador\"", \""ru\"": \""Эквадор\""}"",""{\""en\"": \""Nigeria\"", \""ru\"": \""Нигерия\""}"",""{\""en\"": \""Ukraine\"", \""ru\"": \""Украина\""}"",""{\""en\"": \""Egypt\"", \""ru\"": \""Египет\""}"",""{\""en\"": \""Greenland\"", \""ru\"": \""Гренландия\""}"",""{\""en\"": \""Kazakhstan\"", \""ru\"": \""Казахстан\""}"",""{\""en\"": \""Morocco\"", \""ru\"": \""Марокко\""}"",""{\""en\"": \""Taiwan\"", \""ru\"": \""Тайвань (Китай)\""}"",""{\""en\"": \""Tanzania\"", \""ru\"": \""Танзания, Объединенная Республика\""}"",""{\""en\"": \""Afghanistan\"", \""ru\"": \""Афганистан\""}"",""{\""en\"": \""Iceland\"", \""ru\"": \""Исландия\""}"",""{\""en\"": \""Denmark\"", \""ru\"": \""Дания\""}"",""{\""en\"": \""Romania\"", \""ru\"": \""Румыния\""}"",""{\""en\"": \""Fiji\"", \""ru\"": \""Фиджи\""}"",""{\""en\"": \""Mozambique\"", \""ru\"": \""Мозамбик\""}"",""{\""en\"": \""Poland\"", \""ru\"": \""Польша\""}"",""{\""en\"": \""Kiribati\"", \""ru\"": \""Кирибати\""}"",""{\""en\"": \""Sudan\"", \""ru\"": \""Судан\""}"",""{\""en\"": \""Ireland\"", \""ru\"": \""Ирландия\""}"",""{\""en\"": \""Namibia\"", \""ru\"": \""Намибия\""}"",""{\""en\"": \""Switzerland\"", \""ru\"": \""Швейцария\""}"",""{\""en\"": \""Gabon\"", \""ru\"": \""Габон\""}"",""{\""en\"": \""Libya\"", \""ru\"": \""Ливийская Арабская Джамахирия\""}"",""{\""en\"": \""Mongolia\"", \""ru\"": \""Монголия\""}"",""{\""en\"": \""Netherlands\"", \""ru\"": \""Нидерланды\""}"",""{\""en\"": \""Panama\"", \""ru\"": \""Панама\""}"",""{\""en\"": \""Uzbekistan\"", \""ru\"": \""Узбекистан\""}"",""{\""en\"": \""Botswana\"", \""ru\"": \""Ботсвана\""}"",""{\""en\"": \""Dominican Republic\"", \""ru\"": \""Доминиканская Республика\""}"",""{\""en\"": \""Guyana\"", \""ru\"": \""Гайана\""}"",""{\""en\"": \""Honduras\"", \""ru\"": \""Гондурас\""}"",""{\""en\"": \""New Caledonia\"", \""ru\"": \""Новая Каледония\""}"",""{\""en\"": \""Sri Lanka\"", \""ru\"": \""Шри-Ланка\""}"",""{\""en\"": \""Suriname\"", \""ru\"": \""Суринам\""}"",""{\""en\"": \""United Arab Emirates\"", \""ru\"": \""Объединенные Арабские Эмираты\""}"",""{\""en\"": \""Cameroon\"", \""ru\"": \""Камерун\""}"",""{\""en\"": \""Iraq\"", \""ru\"": \""Ирак\""}"",""{\""en\"": \""Israel\"", \""ru\"": \""Израиль\""}"",""{\""en\"": \""Laos\"", \""ru\"": \""Лаос\""}"",""{\""en\"": \""Mauritania\"", \""ru\"": \""Мавритания\""}"",""{\""en\"": \""Puerto Rico\"", \""ru\"": \""Пуэрто-Рико\""}"",""{\""en\"": \""Tunisia\"", \""ru\"": \""Тунис\""}"",""{\""en\"": \""Yemen\"", \""ru\"": \""Йемен\""}"",""{\""en\"": \""Zambia\"", \""ru\"": \""Замбия\""}"",""{\""en\"": \""Zimbabwe\"", \""ru\"": \""Зимбабве\""}"",""{\""en\"": \""Bangladesh\"", \""ru\"": \""Бангладеш\""}"",""{\""en\"": \""Croatia\"", \""ru\"": \""Хорватия\""}"",""{\""en\"": \""Nicaragua\"", \""ru\"": \""Никарагуа\""}""}","{0.2052354,0.060898017,0.039629158,0.033993818,0.032721322,0.02872205,0.022177786,0.019996364,0.01908744,0.01908744,0.016906017,0.016542448,0.015088166,0.01381567,0.011997819,0.011634248,0.010907108,0.010179968,0.009998182,0.009998182,0.009089257,0.009089257,0.008907472,0.008725686,0.0081803305,0.0081803305,0.00745319,0.00745319,0.0072714053,0.006907835,0.006907835,0.00672605,0.0065442645,0.0059989095,0.005453554,0.005453554,0.005453554,0.005453554,0.0052717687,0.0052717687,0.005089984,0.005089984,0.0049081985,0.004362843,0.004362843,0.004362843,0.004362843,0.004181058,0.004181058,0.004181058,0.004181058,0.003999273,0.003999273,0.003999273,0.003999273,0.0038174877,0.0038174877,0.0038174877,0.0036357027,0.0036357027,0.0036357027,0.0034539176,0.0032721322,0.0030903472,0.0030903472,0.002908562,0.002908562,0.002908562,0.002726777,0.002726777,0.002544992,0.002544992,0.002544992,0.0023632066,0.0021814215,0.0021814215,0.0021814215,0.0021814215,0.0021814215,0.0019996364,0.0019996364,0.0019996364,0.0019996364,0.0019996364,0.0019996364,0.0019996364,0.0019996364,0.0018178513,0.0018178513,0.0018178513,0.0018178513,0.0018178513,0.0018178513,0.0018178513,0.0018178513,0.0018178513,0.0018178513,0.0016360661,0.0016360661,0.0016360661}",54,230
bookings,airports_data,coordinates,point,5501,0.00,,-1,NULL,NULL,NULL,NULL,NULL,16,0
bookings,airports_data,timezone,text,5501,0.00,,-1,NULL,NULL,NULL,"{America/New_York,America/Chicago,Asia/Shanghai,America/Anchorage,America/Los_Angeles,Europe/Paris,America/Toronto,America/Denver,Asia/Kolkata,Europe/London,Asia/Tokyo,Europe/Berlin,America/Sao_Paulo,Australia/Brisbane,Asia/Tehran,Europe/Moscow,America/Bogota,Europe/Istanbul,Africa/Johannesburg,America/Winnipeg,Europe/Rome,Europe/Oslo,America/Mexico_City,Asia/Manila,America/Edmonton,Europe/Stockholm,America/Caracas,America/Vancouver,Asia/Jakarta,Australia/Sydney,Europe/Athens,Pacific/Auckland,Europe/Madrid,Asia/Bangkok,Indian/Antananarivo,Asia/Karachi,Africa/Algiers,Asia/Kuala_Lumpur,America/Fortaleza,Asia/Makassar,Australia/Perth,Asia/Rangoon,Europe/Helsinki,America/Lima,Asia/Kathmandu,Asia/Riyadh,Pacific/Efate,Africa/Addis_Ababa,America/Nassau,America/Santiago,America/Phoenix,Pacific/Port_Moresby,America/Boa_Vista,Pacific/Tahiti,Africa/Nairobi,America/Havana,Asia/Seoul,Asia/Yekaterinburg,Pacific/Guadalcanal,Africa/Luanda,America/Halifax,America/La_Paz,Asia/Saigon,Africa/Lagos,America/Cordoba,America/Costa_Rica,Africa/Cairo,Asia/Jayapura,Australia/Darwin,Europe/Kiev,Africa/Casablanca,Africa/Dar_es_Salaam,Asia/Taipei,America/Guayaquil,Asia/Kabul,Pacific/Honolulu,America/Argentina/Salta,America/Belem,America/Regina,Atlantic/Reykjavik,America/Godthab,Asia/Qyzylorda,Australia/Adelaide,Europe/Bucharest,Europe/Copenhagen,Africa/Kinshasa,Africa/Maputo,America/Buenos_Aires,Europe/Warsaw,Pacific/Fiji,Africa/Lubumbashi,America/Campo_Grande,Asia/Yakutsk,Africa/Windhoek,Asia/Krasnoyarsk,Europe/Dublin,Europe/Lisbon,Pacific/Tarawa,Africa/Libreville,Australia/Hobart}","{0.06653336,0.0538084,0.034175605,0.030539902,0.025995273,0.02235957,0.021814216,0.019996364,0.019996364,0.019269224,0.016542448,0.016542448,0.0147245955,0.0136338845,0.011997819,0.011816033,0.011634248,0.010907108,0.010179968,0.010179968,0.009998182,0.009816397,0.0092710415,0.009089257,0.008907472,0.008907472,0.008725686,0.008725686,0.008543901,0.008362116,0.0081803305,0.007998546,0.0076349755,0.00745319,0.00745319,0.0072714053,0.006907835,0.006907835,0.00672605,0.00672605,0.00672605,0.0063624796,0.005817124,0.005453554,0.005453554,0.005453554,0.0052717687,0.005089984,0.005089984,0.005089984,0.0049081985,0.0049081985,0.004726413,0.0045446283,0.004362843,0.004362843,0.004362843,0.004362843,0.004362843,0.004181058,0.004181058,0.004181058,0.004181058,0.003999273,0.003999273,0.003999273,0.0038174877,0.0038174877,0.0038174877,0.0038174877,0.0036357027,0.0036357027,0.0036357027,0.0034539176,0.0034539176,0.0034539176,0.0032721322,0.0032721322,0.0032721322,0.0032721322,0.0030903472,0.0030903472,0.0030903472,0.0030903472,0.0030903472,0.002908562,0.002908562,0.002908562,0.002908562,0.002908562,0.002726777,0.002726777,0.002726777,0.002544992,0.002544992,0.002544992,0.002544992,0.002544992,0.0023632066,0.0023632066}",15,311
bookings,boarding_passes,ticket_no,text,2463832,0.00,PK FK,-1,ONE_TO_ONE,segments,ticket_no,NULL,NULL,14,-1
bookings,boarding_passes,flight_id,integer,2463832,0.00,PK FK UNIQUE,-1,NULL,NULL,NULL,"{7597,1227,11011,5042,10989,69,4055,4497,6088,6358,7992,9456,9486,9746,274,637,2264,2498,2651,2857,3309,3319,3869,4654,6633,7217,7405,7876,7977,8720,9263,10154,10913,10974,215,354,444,454,459,879,967,1344,1406,1671,1715,1921,2193,2439,2458,2518,2607,2764,2990,3088,3211,3262,3636,3645,3922,4018,4187,4252,4522,4848,4980,5241,5259,5430,6041,6149,6327,6702,7427,7548,7687,7987,9451,9813,10151,10591,10602,10649,10798}","{0.0005,0.00046666668,0.00046666668,0.00043333333,0.00043333333,0.0004,0.0004,0.0004,0.0004,0.0004,0.0004,0.0004,0.0004,0.0004,0.00036666667,0.00036666667,0.00036666667,0.00036666667,0.00036666667,0.00036666667,0.00036666667,0.00036666667,0.00036666667,0.00036666667,0.00036666667,0.00036666667,0.00036666667,0.00036666667,0.00036666667,0.00036666667,0.00036666667,0.00036666667,0.00036666667,0.00036666667,0.00033333333,0.00033333333,0.00033333333,0.00033333333,0.00033333333,0.00033333333,0.00033333333,0.00033333333,0.00033333333,0.00033333333,0.00033333333,0.00033333333,0.00033333333,0.00033333333,0.00033333333,0.00033333333,0.00033333333,0.00033333333,0.00033333333,0.00033333333,0.00033333333,0.00033333333,0.00033333333,0.00033333333,0.00033333333,0.00033333333,0.00033333333,0.00033333333,0.00033333333,0.00033333333,0.00033333333,0.00033333333,0.00033333333,0.00033333333,0.00033333333,0.00033333333,0.00033333333,0.00033333333,0.00033333333,0.00033333333,0.00033333333,0.00033333333,0.00033333333,0.00033333333,0.00033333333,0.00033333333,0.00033333333,0.00033333333,0.00033333333}",4,10010
bookings,boarding_passes,seat_no,text,2463832,0.00,UNIQUE,-1,NULL,NULL,NULL,"{1A,21A,21D,12D,20D,20A,20C,22D,20B,22A,12A,23C,11A,2A,21C,22C,22B,11D,17C,23D,24A,17B,18D,44F,18C,22E,18B,19B,11F,21B,22J,3A,18A,22F,19C,23B,19A,33C,24D,18F,44A,12F,13D,15C,24B,12C,14A,19D,21F,7A,11C,17A,28F,47A,28A,28D,29E,32K,45F,8A,17D,20F,21E,24C,25B,27D,29A,32D,34J,20E,26C,2D,32B,32J,44B,13A,15A,1D,25C,45A,47F,16A,25D,27F,33F,43B,16C,16D,27E,29B,29F,30C,35C,42C,46C,11E,30A,4A,33A,34D}","{0.0042,0.004166667,0.0040666666,0.004033333,0.004033333,0.004,0.0039666668,0.0038666667,0.0037666666,0.0037666666,0.0037,0.0036666666,0.0036333334,0.0036,0.0035666667,0.0035666667,0.0034666667,0.0034,0.0033333334,0.0033333334,0.0033333334,0.0033,0.0033,0.0033,0.0032666668,0.0032333334,0.0032,0.0032,0.0031666667,0.0031666667,0.0031333333,0.0031333333,0.0031,0.0030666667,0.0030333332,0.003,0.0029666666,0.0029666666,0.0029333334,0.0029,0.0029,0.0028666668,0.0028666668,0.0028666668,0.0028666668,0.0028333333,0.0028333333,0.0028333333,0.0028333333,0.0028333333,0.0028,0.0028,0.0028,0.0028,0.0027666667,0.0027666667,0.0027666667,0.0027666667,0.0027666667,0.0027666667,0.0027333333,0.0027333333,0.0027333333,0.0027333333,0.0027333333,0.0027333333,0.0027333333,0.0027333333,0.0027333333,0.0027,0.0027,0.0027,0.0027,0.0027,0.0027,0.0026666666,0.0026666666,0.0026666666,0.0026666666,0.0026666666,0.0026666666,0.0026333334,0.0026333334,0.0026333334,0.0026333334,0.0026333334,0.0026,0.0026,0.0026,0.0026,0.0026,0.0026,0.0026,0.0026,0.0026,0.0025666666,0.0025666666,0.0025666666,0.0025333334,0.0025333334}",3,591
bookings,boarding_passes,boarding_no,integer,2463832,1.27,UNIQUE,-1,NULL,NULL,NULL,"{61,35,2,8,31,47,13,21,36,14,28,49,22,40,44,53,18,20,41,43,56,59,57,11,7,16,50,12,33,6,17,19,24,71,15,39,55,66,73,54,58,63,64,1,25,34,38,26,52,68,3,9,27,30,46,5,65,72,37,45,62,78,69,23,32,42,70,123,76,4,51,99,140,93,129,74,75,10,116,60,29,96,101,145,67,110,113,77,111,141,146,156,97,137,92,119,106,117,118,79}","{0.0053333333,0.005266667,0.0052,0.005133333,0.0049666665,0.0049,0.0048,0.0048,0.004766667,0.0047333334,0.0047333334,0.0047,0.0046666665,0.0046333335,0.0046,0.0046,0.0045,0.004466667,0.004466667,0.004466667,0.004466667,0.004466667,0.0044333334,0.0044,0.0043666665,0.0043666665,0.0043666665,0.004333333,0.004333333,0.0043,0.0043,0.0043,0.0043,0.0043,0.0042666667,0.0042666667,0.0042666667,0.0042666667,0.0042666667,0.0042333333,0.0042333333,0.0042333333,0.0042333333,0.0042,0.0042,0.0042,0.0042,0.004166667,0.0041333335,0.0041333335,0.0041,0.0041,0.0041,0.0041,0.0041,0.0040666666,0.0040666666,0.0040666666,0.004033333,0.004033333,0.004033333,0.004033333,0.004,0.0039666668,0.0039666668,0.0039666668,0.0039333333,0.0039333333,0.0039,0.0038333333,0.0038333333,0.0038333333,0.0038,0.0037666666,0.0037666666,0.0037333334,0.0037333334,0.0036666666,0.0036666666,0.0036333334,0.0036,0.0036,0.0036,0.0036,0.0035666667,0.0035666667,0.0035666667,0.0035333333,0.0035333333,0.0035333333,0.0035,0.0035,0.0034666667,0.0034666667,0.0034333332,0.0034333332,0.0034,0.0034,0.0034,0.0033666666}",4,404
bookings,boarding_passes,boarding_time,timestamp with time zone,2463832,1.27,,-1,NULL,NULL,NULL,NULL,NULL,8,-1
bookings,bookings,book_ref,character(6),1292893,0.00,PK,6,NULL,NULL,NULL,NULL,NULL,7,-1
bookings,bookings,book_date,timestamp with time zone,1292893,0.00,,-1,NULL,NULL,NULL,NULL,NULL,8,-1
bookings,bookings,total_amount,"numeric(10,2)",1292893,0.00,,-1,NULL,NULL,NULL,"{4000.00,6500.00,8000.00,7500.00,5000.00,6000.00,10000.00,12000.00,9000.00,11500.00,15000.00,5500.00,12500.00,1750.00,9500.00,10500.00,13000.00,2500.00,11000.00,3250.00,3500.00,14500.00,16000.00,18000.00,5750.00,7475.00,9750.00,24000.00,20000.00,2000.00,5250.00,13500.00,3750.00,19000.00,25000.00,18750.00,11250.00,14250.00,4500.00,21000.00,14000.00,15750.00,9200.00,22500.00,23000.00,17000.00,6250.00,15500.00,16250.00,29000.00,7000.00,16500.00,30000.00,17250.00,17500.00,13975.00,8250.00,4600.00,8500.00,19500.00,2750.00,6325.00,27000.00,10750.00,22000.00,28500.00,21750.00,25500.00,7250.00,8750.00,7750.00,2250.00,26250.00,18500.00,8625.00,21500.00,6750.00,13750.00,36000.00,23750.00,17200.00,6900.00,15250.00,28000.00,29500.00,12250.00,32000.00,13225.00,4025.00,13250.00,2275.00,10250.00,20250.00,35000.00,18250.00,28750.00,30500.00,31500.00,37500.00,20500.00}","{0.0339,0.03376667,0.030466666,0.0256,0.023633333,0.0215,0.020566666,0.0199,0.016233332,0.0155,0.0155,0.014933334,0.014766667,0.0141,0.014033333,0.011933333,0.011733334,0.011633334,0.0116,0.011366666,0.010266666,0.010033334,0.0095,0.0094,0.008666666,0.0086,0.0084,0.008333334,0.008133333,0.007866667,0.0078,0.0077333334,0.006966667,0.0066333334,0.0065333336,0.0062666666,0.006233333,0.006233333,0.005933333,0.0058333334,0.0057666665,0.005566667,0.005266667,0.005133333,0.0049,0.004766667,0.0047333334,0.0046333335,0.0046333335,0.0045666667,0.0045333332,0.0045333332,0.0043666665,0.0041333335,0.0041333335,0.0041,0.0039666668,0.0039333333,0.0037333334,0.0037333334,0.0036,0.0036,0.0036,0.0035666667,0.0035333333,0.0035,0.0032666668,0.0032666668,0.0032,0.0032,0.0031666667,0.0031,0.003,0.0029333334,0.0029,0.0029,0.0028333333,0.0028,0.0027666667,0.0026,0.0025666666,0.0025333334,0.0025333334,0.0025,0.0024666667,0.0024333333,0.0024333333,0.0024,0.0023666667,0.0023666667,0.0023333333,0.0022666666,0.0022666666,0.0022333334,0.0022,0.0022,0.0021666666,0.0020666667,0.0020333333,0.002}",6,2131
bookings,flights,flight_id,integer,21758,0.00,PK,-1,NULL,NULL,NULL,NULL,NULL,4,-1
bookings,flights,route_no,text,21758,0.00,UNIQUE,-1,NULL,NULL,NULL,"{PG0065,PG0066,PG0071,PG0072,PG0085,PG0086,PG0115,PG0116,PG0181,PG0182,PG0225,PG0226,PG0233,PG0234,PG0261,PG0262,PG0075,PG0105,PG0106,PG0123,PG0124,PG0187,PG0188,PG0076,PG0035,PG0046,PG0045,PG0036,PG0055,PG0056,PG0002,PG0001,PG0192,PG0221,PG0222,PG0137,PG0138,PG0173,PG0191,PG0193,PG0194,PG0203,PG0204,PG0257,PG0258,PG0267,PG0268,PG0019,PG0020,PG0174,PG0229,PG0230,PG0249,PG0250,PG0363,PG0364,PG0097,PG0247,PG0248,PG0057,PG0058,PG0098,PG0134,PG0201,PG0202,PG0435,PG0436,PG0133,PG0063,PG0064,PG0278,PG0177,PG0012,PG0277,PG0373,PG0011,PG0178,PG0374,PG0038,PG0185,PG0189,PG0190,PG0284,PG0037,PG0104,PG0186,PG0283,PG0103,PG0119,PG0120,PG0018,PG0017,PG0152,PG0151,PG0009,PG0067,PG0211,PG0010,PG0042,PG0212}","{0.005561173,0.005561173,0.005561173,0.005561173,0.005561173,0.005561173,0.005561173,0.005561173,0.005561173,0.005561173,0.005561173,0.005561173,0.005561173,0.005561173,0.005561173,0.005561173,0.0053773327,0.0053773327,0.0053773327,0.0053773327,0.0053773327,0.0053773327,0.0053773327,0.0053313724,0.0050096516,0.0050096516,0.0049636913,0.0049177315,0.004779851,0.0047338908,0.00441217,0.00436621,0.0042283298,0.0042283298,0.0042283298,0.00418237,0.00418237,0.00418237,0.00418237,0.00418237,0.00418237,0.00418237,0.00418237,0.00418237,0.00418237,0.00418237,0.00418237,0.0041364096,0.0041364096,0.0041364096,0.0041364096,0.0041364096,0.0041364096,0.0041364096,0.0041364096,0.0041364096,0.0040444895,0.0040444895,0.0040444895,0.003998529,0.003998529,0.003998529,0.003998529,0.003998529,0.0039525693,0.0039525693,0.0039525693,0.003860649,0.003814689,0.003814689,0.0036768084,0.0036308484,0.0035848883,0.0035848883,0.0035848883,0.0035389282,0.0035389282,0.0035389282,0.003447008,0.003447008,0.0034010478,0.0034010478,0.0034010478,0.0033550877,0.0033550877,0.0033550877,0.0033550877,0.0033091276,0.0032172075,0.0032172075,0.0031712474,0.0031252874,0.0031252874,0.003079327,0.003033367,0.003033367,0.003033367,0.002987407,0.002987407,0.002987407}",7,704
bookings,flights,status,text,21758,0.00,,-1,NULL,NULL,NULL,"{Arrived,Scheduled,""On Time"",Cancelled,Departed,Delayed,Boarding}","{0.5039985,0.48166192,0.007215737,0.005561173,0.0009192021,0.00045960105,0.00018384043}",8,7
bookings,flights,scheduled_departure,timestamp with time zone,21758,0.00,UNIQUE,-1,NULL,NULL,NULL,"{""2025-11-08 15:55:00+07"",""2025-11-15 15:55:00+07"",""2025-11-22 15:55:00+07"",""2025-11-29 15:55:00+07"",""2025-10-30 20:35:00+07"",""2025-11-01 13:20:00+07"",""2025-11-03 15:55:00+07"",""2025-11-04 15:55:00+07"",""2025-11-05 15:55:00+07"",""2025-11-07 15:55:00+07"",""2025-11-10 15:55:00+07"",""2025-11-11 15:55:00+07"",""2025-11-12 15:55:00+07"",""2025-11-14 15:55:00+07"",""2025-11-17 15:55:00+07"",""2025-11-18 15:55:00+07"",""2025-11-19 15:55:00+07"",""2025-11-21 15:55:00+07"",""2025-11-24 15:55:00+07"",""2025-11-25 15:55:00+07"",""2025-11-26 15:55:00+07"",""2025-11-28 15:55:00+07"",""2025-10-01 09:25:00+07"",""2025-10-02 09:15:00+07"",""2025-10-02 20:35:00+07"",""2025-10-03 06:35:00+07"",""2025-10-04 09:15:00+07"",""2025-10-04 09:25:00+07"",""2025-10-06 06:35:00+07"",""2025-10-06 09:15:00+07"",""2025-10-07 06:35:00+07"",""2025-10-08 09:25:00+07"",""2025-10-09 09:15:00+07"",""2025-10-09 20:35:00+07"",""2025-10-10 06:35:00+07"",""2025-10-11 09:15:00+07"",""2025-10-11 09:25:00+07"",""2025-10-13 06:35:00+07"",""2025-10-13 09:15:00+07"",""2025-10-14 06:35:00+07"",""2025-10-15 09:25:00+07"",""2025-10-16 09:15:00+07"",""2025-10-16 20:35:00+07"",""2025-10-17 06:35:00+07"",""2025-10-18 09:15:00+07"",""2025-10-18 09:25:00+07"",""2025-10-20 06:35:00+07"",""2025-10-20 09:15:00+07"",""2025-10-21 06:35:00+07"",""2025-10-22 09:25:00+07"",""2025-10-23 09:15:00+07"",""2025-10-23 20:35:00+07"",""2025-10-24 06:35:00+07"",""2025-10-25 09:15:00+07"",""2025-10-25 09:25:00+07"",""2025-10-28 06:35:00+07"",""2025-10-28 20:35:00+07"",""2025-10-30 14:05:00+07"",""2025-10-31 06:35:00+07"",""2025-11-01 15:55:00+07"",""2025-11-02 06:35:00+07"",""2025-11-02 15:55:00+07"",""2025-11-02 19:50:00+07"",""2025-11-02 22:00:00+07"",""2025-11-03 06:10:00+07"",""2025-11-03 17:45:00+07"",""2025-11-03 22:00:00+07"",""2025-11-04 09:15:00+07"",""2025-11-04 22:00:00+07"",""2025-11-05 09:15:00+07"",""2025-11-05 17:45:00+07"",""2025-11-06 15:55:00+07"",""2025-11-06 17:45:00+07"",""2025-11-06 22:00:00+07"",""2025-11-07 09:15:00+07"",""2025-11-07 22:00:00+07"",""2025-11-08 13:20:00+07"",""2025-11-08 17:45:00+07"",""2025-11-08 22:00:00+07"",""2025-11-09 09:15:00+07"",""2025-11-09 15:55:00+07"",""2025-11-09 19:50:00+07"",""2025-11-09 22:00:00+07"",""2025-11-10 06:10:00+07"",""2025-11-10 17:45:00+07"",""2025-11-10 22:00:00+07"",""2025-11-11 09:15:00+07"",""2025-11-11 22:00:00+07"",""2025-11-12 09:15:00+07"",""2025-11-12 17:45:00+07"",""2025-11-13 15:55:00+07"",""2025-11-13 17:45:00+07"",""2025-11-13 22:00:00+07"",""2025-11-14 09:15:00+07"",""2025-11-14 22:00:00+07"",""2025-11-15 13:20:00+07"",""2025-11-15 17:45:00+07"",""2025-11-15 22:00:00+07"",""2025-11-16 09:15:00+07"",""2025-11-16 15:55:00+07""}","{0.00027576063,0.00027576063,0.00027576063,0.00027576063,0.00022980053,0.00022980053,0.00022980053,0.00022980053,0.00022980053,0.00022980053,0.00022980053,0.00022980053,0.00022980053,0.00022980053,0.00022980053,0.00022980053,0.00022980053,0.00022980053,0.00022980053,0.00022980053,0.00022980053,0.00022980053,0.00018384043,0.00018384043,0.00018384043,0.00018384043,0.00018384043,0.00018384043,0.00018384043,0.00018384043,0.00018384043,0.00018384043,0.00018384043,0.00018384043,0.00018384043,0.00018384043,0.00018384043,0.00018384043,0.00018384043,0.00018384043,0.00018384043,0.00018384043,0.00018384043,0.00018384043,0.00018384043,0.00018384043,0.00018384043,0.00018384043,0.00018384043,0.00018384043,0.00018384043,0.00018384043,0.00018384043,0.00018384043,0.00018384043,0.00018384043,0.00018384043,0.00018384043,0.00018384043,0.00018384043,0.00018384043,0.00018384043,0.00018384043,0.00018384043,0.00018384043,0.00018384043,0.00018384043,0.00018384043,0.00018384043,0.00018384043,0.00018384043,0.00018384043,0.00018384043,0.00018384043,0.00018384043,0.00018384043,0.00018384043,0.00018384043,0.00018384043,0.00018384043,0.00018384043,0.00018384043,0.00018384043,0.00018384043,0.00018384043,0.00018384043,0.00018384043,0.00018384043,0.00018384043,0.00018384043,0.00018384043,0.00018384043,0.00018384043,0.00018384043,0.00018384043,0.00018384043,0.00018384043,0.00018384043,0.00018384043,0.00018384043}",8,-1
bookings,flights,scheduled_arrival,timestamp with time zone,21758,0.00,,-1,NULL,NULL,NULL,"{""2026-01-02 20:00:00+07"",""2026-01-03 20:00:00+07"",""2026-01-05 20:00:00+07"",""2026-01-07 20:00:00+07"",""2026-01-09 20:00:00+07"",""2026-01-10 20:00:00+07"",""2026-01-12 20:00:00+07"",""2026-01-14 20:00:00+07"",""2026-01-16 20:00:00+07"",""2026-01-17 20:00:00+07"",""2026-01-19 20:00:00+07"",""2026-01-21 20:00:00+07"",""2026-01-23 20:00:00+07"",""2026-01-24 20:00:00+07"",""2026-01-26 20:00:00+07"",""2026-01-28 20:00:00+07"",""2025-10-01 22:20:00+07"",""2025-10-03 22:20:00+07"",""2025-10-05 09:15:00+07"",""2025-10-05 22:20:00+07"",""2025-10-06 22:20:00+07"",""2025-10-08 22:20:00+07"",""2025-10-10 22:20:00+07"",""2025-10-12 09:15:00+07"",""2025-10-12 22:20:00+07"",""2025-10-13 22:20:00+07"",""2025-10-15 22:20:00+07"",""2025-10-17 22:20:00+07"",""2025-10-19 09:15:00+07"",""2025-10-19 22:20:00+07"",""2025-10-20 22:20:00+07"",""2025-10-22 22:20:00+07"",""2025-10-24 22:20:00+07"",""2025-10-26 09:15:00+07"",""2025-11-04 15:25:00+07"",""2025-11-05 15:25:00+07"",""2025-11-07 02:55:00+07"",""2025-11-08 15:25:00+07"",""2025-11-09 15:25:00+07"",""2025-11-11 15:25:00+07"",""2025-11-12 15:25:00+07"",""2025-11-14 02:55:00+07"",""2025-11-15 15:25:00+07"",""2025-11-16 15:25:00+07"",""2025-11-18 15:25:00+07"",""2025-11-19 15:25:00+07"",""2025-11-21 02:55:00+07"",""2025-11-22 15:25:00+07"",""2025-11-23 15:25:00+07"",""2025-11-25 15:25:00+07"",""2025-11-26 15:25:00+07"",""2025-11-28 02:55:00+07"",""2025-11-29 15:25:00+07"",""2025-11-30 15:25:00+07"",""2025-12-03 15:05:00+07"",""2025-12-04 04:55:00+07"",""2025-12-05 22:10:00+07"",""2025-12-07 15:05:00+07"",""2025-12-10 15:05:00+07"",""2025-12-11 04:55:00+07"",""2025-12-12 22:10:00+07"",""2025-12-14 15:05:00+07"",""2025-12-17 15:05:00+07"",""2025-12-18 04:55:00+07"",""2025-12-19 22:10:00+07"",""2025-12-21 15:05:00+07"",""2025-12-24 15:05:00+07"",""2025-12-25 04:55:00+07"",""2025-12-26 22:10:00+07"",""2025-12-28 15:05:00+07"",""2025-12-31 15:05:00+07"",""2026-01-01 04:55:00+07"",""2026-01-01 20:00:00+07"",""2026-01-05 21:20:00+07"",""2026-01-06 20:00:00+07"",""2026-01-08 20:00:00+07"",""2026-01-12 21:20:00+07"",""2026-01-13 20:00:00+07"",""2026-01-15 20:00:00+07"",""2026-01-19 21:20:00+07"",""2026-01-20 20:00:00+07"",""2026-01-22 20:00:00+07"",""2026-01-26 21:20:00+07"",""2026-01-27 20:00:00+07"",""2026-01-29 20:00:00+07"",""2025-10-01 14:30:00+07"",""2025-10-01 20:00:00+07"",""2025-10-01 21:25:00+07"",""2025-10-02 09:15:00+07"",""2025-10-02 16:35:00+07"",""2025-10-02 20:00:00+07"",""2025-10-02 22:20:00+07"",""2025-10-02 22:50:00+07"",""2025-10-03 06:20:00+07"",""2025-10-03 08:40:00+07"",""2025-10-03 09:15:00+07"",""2025-10-03 20:00:00+07"",""2025-10-03 21:25:00+07"",""2025-10-04 08:40:00+07"",""2025-10-04 09:15:00+07""}","{0.00022980053,0.00022980053,0.00022980053,0.00022980053,0.00022980053,0.00022980053,0.00022980053,0.00022980053,0.00022980053,0.00022980053,0.00022980053,0.00022980053,0.00022980053,0.00022980053,0.00022980053,0.00022980053,0.00018384043,0.00018384043,0.00018384043,0.00018384043,0.00018384043,0.00018384043,0.00018384043,0.00018384043,0.00018384043,0.00018384043,0.00018384043,0.00018384043,0.00018384043,0.00018384043,0.00018384043,0.00018384043,0.00018384043,0.00018384043,0.00018384043,0.00018384043,0.00018384043,0.00018384043,0.00018384043,0.00018384043,0.00018384043,0.00018384043,0.00018384043,0.00018384043,0.00018384043,0.00018384043,0.00018384043,0.00018384043,0.00018384043,0.00018384043,0.00018384043,0.00018384043,0.00018384043,0.00018384043,0.00018384043,0.00018384043,0.00018384043,0.00018384043,0.00018384043,0.00018384043,0.00018384043,0.00018384043,0.00018384043,0.00018384043,0.00018384043,0.00018384043,0.00018384043,0.00018384043,0.00018384043,0.00018384043,0.00018384043,0.00018384043,0.00018384043,0.00018384043,0.00018384043,0.00018384043,0.00018384043,0.00018384043,0.00018384043,0.00018384043,0.00018384043,0.00018384043,0.00018384043,0.00018384043,0.00018384043,0.00013788031,0.00013788031,0.00013788031,0.00013788031,0.00013788031,0.00013788031,0.00013788031,0.00013788031,0.00013788031,0.00013788031,0.00013788031,0.00013788031,0.00013788031,0.00013788031,0.00013788031}",8,-1
bookings,flights,actual_departure,timestamp with time zone,21758,49.51,,-1,NULL,NULL,NULL,NULL,NULL,8,-1
bookings,flights,actual_arrival,timestamp with time zone,21758,49.60,,-1,NULL,NULL,NULL,NULL,NULL,8,-1
bookings,routes,route_no,text,1162,0.00,,-1,NULL,NULL,NULL,"{PG0001,PG0002,PG0005,PG0006,PG0007,PG0008,PG0009,PG0010,PG0011,PG0012,PG0017,PG0018,PG0035,PG0036,PG0045,PG0046,PG0055,PG0056,PG0057,PG0058,PG0063,PG0064,PG0065,PG0066,PG0067,PG0068,PG0071,PG0072,PG0075,PG0076,PG0085,PG0086,PG0105,PG0106,PG0115,PG0116,PG0123,PG0124,PG0133,PG0134,PG0173,PG0174,PG0177,PG0178,PG0181,PG0182,PG0187,PG0188,PG0225,PG0226,PG0233,PG0234,PG0261,PG0262,PG0019,PG0020,PG0037,PG0038,PG0041,PG0042,PG0043,PG0044,PG0059,PG0060,PG0097,PG0098,PG0099,PG0100,PG0101,PG0102,PG0103,PG0104,PG0111,PG0112,PG0113,PG0114,PG0119,PG0120,PG0121,PG0122,PG0137,PG0138,PG0151,PG0152,PG0171,PG0172,PG0185,PG0186,PG0189,PG0190,PG0191,PG0192,PG0193,PG0194,PG0201,PG0202,PG0203,PG0204,PG0211,PG0212}","{0.0034423408,0.0034423408,0.0034423408,0.0034423408,0.0034423408,0.0034423408,0.0034423408,0.0034423408,0.0034423408,0.0034423408,0.0034423408,0.0034423408,0.0034423408,0.0034423408,0.0034423408,0.0034423408,0.0034423408,0.0034423408,0.0034423408,0.0034423408,0.0034423408,0.0034423408,0.0034423408,0.0034423408,0.0034423408,0.0034423408,0.0034423408,0.0034423408,0.0034423408,0.0034423408,0.0034423408,0.0034423408,0.0034423408,0.0034423408,0.0034423408,0.0034423408,0.0034423408,0.0034423408,0.0034423408,0.0034423408,0.0034423408,0.0034423408,0.0034423408,0.0034423408,0.0034423408,0.0034423408,0.0034423408,0.0034423408,0.0034423408,0.0034423408,0.0034423408,0.0034423408,0.0034423408,0.0034423408,0.0025817556,0.0025817556,0.0025817556,0.0025817556,0.0025817556,0.0025817556,0.0025817556,0.0025817556,0.0025817556,0.0025817556,0.0025817556,0.0025817556,0.0025817556,0.0025817556,0.0025817556,0.0025817556,0.0025817556,0.0025817556,0.0025817556,0.0025817556,0.0025817556,0.0025817556,0.0025817556,0.0025817556,0.0025817556,0.0025817556,0.0025817556,0.0025817556,0.0025817556,0.0025817556,0.0025817556,0.0025817556,0.0025817556,0.0025817556,0.0025817556,0.0025817556,0.0025817556,0.0025817556,0.0025817556,0.0025817556,0.0025817556,0.0025817556,0.0025817556,0.0025817556,0.0025817556,0.0025817556}",7,-1
bookings,routes,validity,tstzrange,1162,0.00,,-1,NULL,NULL,NULL,NULL,NULL,22,-1
bookings,routes,departure_airport,character(3),1162,0.00,FK,3,ONE_TO_MANY,airports_data,airport_code,"{FRA,SVO,BOM,DEL,BLR,LHR,ATL,CAN,TFU,YYZ,FCO,PVG,DEN,LED,ORD,HND,DFW,MUC,CDG,HGH,HYD,KMG,SZX,WUH,XIY,CKG,DME,YVR,MCO,ORY,PEK,PKX,YYC,AER,LAX,LGW,MAA,MIA,SVX,YUL,CCU,CTS,CTU,MXP,PNQ,AMD,CLT,NCE,OVB,SHA,VKO,BER,FUK,KZN,SCL,UFA,BGY,HEL,JFK,LAS,VIE,YEG,COK,YOW,AKL,GOI,KJA,KTM,LKO,OKA,PRG,ARN,CJC}","{0.029259896,0.029259896,0.025817556,0.022375215,0.020654045,0.020654045,0.01979346,0.01979346,0.01979346,0.01979346,0.018932875,0.018932875,0.018072288,0.018072288,0.018072288,0.017211704,0.016351119,0.016351119,0.015490534,0.015490534,0.015490534,0.015490534,0.015490534,0.015490534,0.015490534,0.014629948,0.014629948,0.014629948,0.013769363,0.013769363,0.013769363,0.013769363,0.013769363,0.012908778,0.012908778,0.012908778,0.012908778,0.012908778,0.012908778,0.012908778,0.012048192,0.012048192,0.012048192,0.012048192,0.012048192,0.011187607,0.011187607,0.011187607,0.011187607,0.011187607,0.011187607,0.0103270225,0.0103270225,0.0103270225,0.0103270225,0.0103270225,0.009466438,0.009466438,0.009466438,0.009466438,0.009466438,0.009466438,0.008605852,0.008605852,0.007745267,0.007745267,0.007745267,0.007745267,0.007745267,0.007745267,0.007745267,0.0068846815,0.0051635113}",4,73
bookings,routes,arrival_airport,character(3),1162,0.00,FK,3,ONE_TO_MANY,airports_data,airport_code,"{FRA,SVO,BOM,DEL,BLR,LHR,ATL,CAN,TFU,YYZ,FCO,PVG,DEN,LED,ORD,HND,DFW,MUC,CDG,HGH,HYD,KMG,SZX,WUH,XIY,CKG,DME,YVR,MCO,ORY,PEK,PKX,YYC,AER,LAX,LGW,MAA,MIA,SVX,YUL,CCU,CTS,CTU,MXP,PNQ,AMD,CLT,NCE,OVB,SHA,VKO,BER,FUK,KZN,SCL,UFA,BGY,HEL,JFK,LAS,VIE,YEG,COK,YOW,AKL,GOI,KJA,KTM,LKO,OKA,PRG,ARN,CJC}","{0.029259896,0.029259896,0.025817556,0.022375215,0.020654045,0.020654045,0.01979346,0.01979346,0.01979346,0.01979346,0.018932875,0.018932875,0.018072288,0.018072288,0.018072288,0.017211704,0.016351119,0.016351119,0.015490534,0.015490534,0.015490534,0.015490534,0.015490534,0.015490534,0.015490534,0.014629948,0.014629948,0.014629948,0.013769363,0.013769363,0.013769363,0.013769363,0.013769363,0.012908778,0.012908778,0.012908778,0.012908778,0.012908778,0.012908778,0.012908778,0.012048192,0.012048192,0.012048192,0.012048192,0.012048192,0.011187607,0.011187607,0.011187607,0.011187607,0.011187607,0.011187607,0.0103270225,0.0103270225,0.0103270225,0.0103270225,0.0103270225,0.009466438,0.009466438,0.009466438,0.009466438,0.009466438,0.009466438,0.008605852,0.008605852,0.007745267,0.007745267,0.007745267,0.007745267,0.007745267,0.007745267,0.007745267,0.0068846815,0.0051635113}",4,73
bookings,routes,airplane_code,character(3),1162,0.00,FK,3,ONE_TO_MANY,airplanes_data,airplane_code,"{77W,789,7M7,E70,CR7,351,339,32N}","{0.2151463,0.1979346,0.16523236,0.1222031,0.10154905,0.09466437,0.068846814,0.034423407}",4,8
bookings,routes,days_of_week,integer[],1162,0.00,,-1,NULL,NULL,NULL,"{""{1,2,3,4,5,6,7}"",""{3}"",""{1,2,3,4,5,6}"",""{2}"",""{7}"",""{1,2,3,5,6,7}"",""{1,3,4,5,6,7}"",""{4}"",""{2,4,6,7}"",""{1,2,3,4,5,7}"",""{1,2,4,5,6,7}"",""{6}"",""{1}"",""{1,2,4,5,7}"",""{5}"",""{1,2,3,4,6,7}"",""{1,5}"",""{2,5,7}"",""{1,4,6}"",""{2,3,4,5,6,7}"",""{2,4,5,7}"",""{2,6}"",""{1,3,5,6}"",""{1,2,4,6}"",""{1,4}"",""{1,3,5}"",""{2,3,5,6,7}"",""{2,3,5,7}"",""{3,5,7}"",""{1,2,4,5,6}"",""{1,3,6}"",""{2,3,4,6,7}"",""{2,4,6}"",""{1,2,3,5,6}"",""{1,3,4,5,7}"",""{1,3,4,6}"",""{1,3,5,7}"",""{3,6}"",""{3,7}"",""{4,7}"",""{1,3,4,6,7}"",""{2,5}"",""{2,4,7}""}","{0.24784854,0.034423407,0.030981068,0.030981068,0.030120483,0.029259896,0.025817556,0.025817556,0.024956971,0.024096385,0.024096385,0.0232358,0.020654045,0.020654045,0.020654045,0.01979346,0.01979346,0.01979346,0.018072288,0.018072288,0.017211704,0.017211704,0.016351119,0.015490534,0.015490534,0.014629948,0.014629948,0.013769363,0.013769363,0.012908778,0.012908778,0.012048192,0.012048192,0.011187607,0.011187607,0.011187607,0.011187607,0.011187607,0.011187607,0.011187607,0.008605852,0.008605852,0.0068846815}",38,43
bookings,routes,scheduled_time,time without time zone,1162,0.00,,-1,NULL,NULL,NULL,"{00:15:00,05:15:00,15:05:00,14:50:00,05:30:00,16:55:00,19:50:00,20:35:00,21:05:00,05:00:00,12:05:00,12:45:00,16:00:00,17:15:00,18:15:00,20:15:00,20:20:00,02:40:00,03:30:00,07:10:00,12:00:00,12:40:00,14:30:00,17:50:00,22:10:00,22:35:00,02:20:00,03:00:00,03:10:00,04:20:00,05:55:00,06:30:00,08:55:00,10:25:00,15:25:00,19:00:00,00:10:00,01:40:00,03:50:00,03:55:00,05:20:00,06:00:00,06:45:00,07:35:00,07:45:00,08:25:00,09:40:00,10:15:00,11:20:00,11:55:00,13:40:00,16:30:00,16:35:00,17:20:00,18:25:00,18:45:00,20:30:00,21:15:00,21:50:00,22:00:00,02:55:00,05:40:00,06:20:00,07:00:00,09:05:00,10:00:00,10:05:00,11:00:00,12:55:00,13:05:00,13:55:00,14:05:00,14:45:00,16:45:00,17:00:00,17:55:00,18:55:00,19:05:00,20:25:00,21:45:00,22:25:00,22:40:00,23:15:00,23:55:00,00:20:00,00:40:00,01:30:00,02:00:00,03:15:00,03:25:00,03:35:00,04:10:00,06:35:00,07:20:00,08:05:00,08:30:00,08:35:00,09:35:00,09:50:00,13:20:00}","{0.012908778,0.012908778,0.012908778,0.011187607,0.009466438,0.009466438,0.009466438,0.009466438,0.009466438,0.008605852,0.008605852,0.008605852,0.008605852,0.008605852,0.008605852,0.008605852,0.008605852,0.007745267,0.007745267,0.007745267,0.007745267,0.007745267,0.007745267,0.007745267,0.007745267,0.007745267,0.0068846815,0.0068846815,0.0068846815,0.0068846815,0.0068846815,0.0068846815,0.0068846815,0.0068846815,0.0068846815,0.0068846815,0.006024096,0.006024096,0.006024096,0.006024096,0.006024096,0.006024096,0.006024096,0.006024096,0.006024096,0.006024096,0.006024096,0.006024096,0.006024096,0.006024096,0.006024096,0.006024096,0.006024096,0.006024096,0.006024096,0.006024096,0.006024096,0.006024096,0.006024096,0.006024096,0.0051635113,0.0051635113,0.0051635113,0.0051635113,0.0051635113,0.0051635113,0.0051635113,0.0051635113,0.0051635113,0.0051635113,0.0051635113,0.0051635113,0.0051635113,0.0051635113,0.0051635113,0.0051635113,0.0051635113,0.0051635113,0.0051635113,0.0051635113,0.0051635113,0.0051635113,0.0051635113,0.0051635113,0.004302926,0.004302926,0.004302926,0.004302926,0.004302926,0.004302926,0.004302926,0.004302926,0.004302926,0.004302926,0.004302926,0.004302926,0.004302926,0.004302926,0.004302926,0.004302926}",8,0
bookings,routes,duration,interval,1162,0.00,,-1,NULL,NULL,NULL,"{01:05:00,01:15:00,02:05:00,01:20:00,00:50:00,01:45:00,01:40:00,02:00:00,01:55:00,02:25:00,01:00:00,00:40:00,01:35:00,01:50:00,01:30:00,00:55:00,02:15:00,02:20:00,02:30:00,02:35:00,02:50:00,01:10:00,01:25:00,02:40:00,02:55:00,03:05:00,03:20:00,03:00:00,03:10:00,03:30:00,03:50:00,04:10:00,04:25:00,00:35:00,02:10:00,03:15:00,03:55:00,04:15:00,09:25:00,09:40:00,00:45:00,02:45:00,03:25:00,03:45:00,04:00:00,04:55:00,05:05:00,05:10:00,05:35:00,06:00:00,10:05:00,11:40:00,11:50:00,04:20:00,04:30:00,04:35:00,04:40:00,04:50:00,05:00:00,07:00:00,08:25:00,08:35:00,09:00:00,09:05:00,09:30:00,11:05:00,14:50:00,15:15:00,16:45:00,03:35:00,04:45:00,05:15:00,05:20:00,05:25:00,05:30:00,05:45:00,05:55:00,06:35:00,06:45:00,07:25:00,07:30:00,08:05:00,08:40:00,08:45:00,08:50:00,08:55:00,09:10:00,09:45:00,09:50:00,10:00:00,10:10:00,10:20:00,10:25:00,10:35:00,10:45:00,10:55:00,11:10:00,11:15:00,11:30:00,12:00:00}","{0.060240965,0.04302926,0.04302926,0.04130809,0.036144577,0.036144577,0.032702237,0.032702237,0.030981068,0.030981068,0.029259896,0.025817556,0.025817556,0.025817556,0.024096385,0.022375215,0.022375215,0.022375215,0.018932875,0.015490534,0.015490534,0.013769363,0.012048192,0.0103270225,0.0103270225,0.0103270225,0.0103270225,0.008605852,0.008605852,0.008605852,0.008605852,0.008605852,0.008605852,0.0068846815,0.0068846815,0.0068846815,0.0068846815,0.0068846815,0.0068846815,0.0068846815,0.0051635113,0.0051635113,0.0051635113,0.0051635113,0.0051635113,0.0051635113,0.0051635113,0.0051635113,0.0051635113,0.0051635113,0.0051635113,0.0051635113,0.0051635113,0.0034423408,0.0034423408,0.0034423408,0.0034423408,0.0034423408,0.0034423408,0.0034423408,0.0034423408,0.0034423408,0.0034423408,0.0034423408,0.0034423408,0.0034423408,0.0034423408,0.0034423408,0.0034423408,0.0017211704,0.0017211704,0.0017211704,0.0017211704,0.0017211704,0.0017211704,0.0017211704,0.0017211704,0.0017211704,0.0017211704,0.0017211704,0.0017211704,0.0017211704,0.0017211704,0.0017211704,0.0017211704,0.0017211704,0.0017211704,0.0017211704,0.0017211704,0.0017211704,0.0017211704,0.0017211704,0.0017211704,0.0017211704,0.0017211704,0.0017211704,0.0017211704,0.0017211704,0.0017211704,0.0017211704}",16,113
bookings,seats,airplane_code,character(3),1741,0.00,PK FK,3,ONE_TO_ONE,airplanes_data,airplane_code,"{77W,351,339,789,32N,7M7,E70,CR7}","{0.23205055,0.18667433,0.1614015,0.14761631,0.0953475,0.091901205,0.04480184,0.04020678}",4,8
bookings,seats,seat_no,text,1741,0.00,PK,-1,NULL,NULL,NULL,"{1A,20A,20C,20D,21A,21C,21D,22A,22C,22D,11A,12D,20B,21B,22B,2A,7A,11D,12A,16A,16D,17A,17B,17C,17D,18A,18B,18C,18D,19A,19B,19C,19D,23A,23B,23C,23D,2D,3A,8A,8D,9A,10A,10D,11C,11F,12B,12C,13A,13C,13D,14A,14C,14D,15A,15C,15D,16B,16C,1C,1D,20E,20F,21E,21F,22E,22F,24A,24B,24C,24D,2C,30A,30C,4A,5A,7C,7D,8B,9D,10B,10C,11B,11E,12F,13B,14B,15B,16E,16F,17E,17F,18E,18F,19E,19F,1F,20J,21J,22J}","{0.0045950604,0.0045950604,0.0045950604,0.0045950604,0.0045950604,0.0045950604,0.0045950604,0.0045950604,0.0045950604,0.0045950604,0.004020678,0.004020678,0.004020678,0.004020678,0.004020678,0.004020678,0.004020678,0.0034462952,0.0034462952,0.0034462952,0.0034462952,0.0034462952,0.0034462952,0.0034462952,0.0034462952,0.0034462952,0.0034462952,0.0034462952,0.0034462952,0.0034462952,0.0034462952,0.0034462952,0.0034462952,0.0034462952,0.0034462952,0.0034462952,0.0034462952,0.0034462952,0.0034462952,0.0034462952,0.0034462952,0.0034462952,0.0028719127,0.0028719127,0.0028719127,0.0028719127,0.0028719127,0.0028719127,0.0028719127,0.0028719127,0.0028719127,0.0028719127,0.0028719127,0.0028719127,0.0028719127,0.0028719127,0.0028719127,0.0028719127,0.0028719127,0.0028719127,0.0028719127,0.0028719127,0.0028719127,0.0028719127,0.0028719127,0.0028719127,0.0028719127,0.0028719127,0.0028719127,0.0028719127,0.0028719127,0.0028719127,0.0028719127,0.0028719127,0.0028719127,0.0028719127,0.0028719127,0.0028719127,0.0028719127,0.0028719127,0.0022975302,0.0022975302,0.0022975302,0.0022975302,0.0022975302,0.0022975302,0.0022975302,0.0022975302,0.0022975302,0.0022975302,0.0022975302,0.0022975302,0.0022975302,0.0022975302,0.0022975302,0.0022975302,0.0022975302,0.0022975302,0.0022975302,0.0022975302}",3,0
bookings,seats,fare_conditions,text,1741,0.00,,-1,NULL,NULL,NULL,"{Economy,Business,Comfort}","{0.8184951,0.118897185,0.0626077}",8,3
bookings,segments,ticket_no,text,3940944,0.00,PK FK,-1,ONE_TO_ONE,tickets,ticket_no,NULL,NULL,14,-1
bookings,segments,flight_id,integer,3940944,0.00,PK FK,-1,ONE_TO_ONE,flights,flight_id,"{8317,3856,11371,12512,17765,309,2026,6589,9321,12444,16603,16754,18578,452,544,580,606,654,731,2487,2613,2628,3323,3753,4363,4600,4631,4709,5100,5112,5260,5445,5615,5948,6090,6129,6592,8260,8290,9285,9472,9686,10649,10680,11239,11555,11767,11972,14381,14424,14936,15242,15374,16699,16937,17218,17331,18208,18651,20948}","{0.00036666667,0.00033333333,0.00033333333,0.00033333333,0.00033333333,0.0003,0.0003,0.0003,0.0003,0.0003,0.0003,0.0003,0.0003,0.00026666667,0.00026666667,0.00026666667,0.00026666667,0.00026666667,0.00026666667,0.00026666667,0.00026666667,0.00026666667,0.00026666667,0.00026666667,0.00026666667,0.00026666667,0.00026666667,0.00026666667,0.00026666667,0.00026666667,0.00026666667,0.00026666667,0.00026666667,0.00026666667,0.00026666667,0.00026666667,0.00026666667,0.00026666667,0.00026666667,0.00026666667,0.00026666667,0.00026666667,0.00026666667,0.00026666667,0.00026666667,0.00026666667,0.00026666667,0.00026666667,0.00026666667,0.00026666667,0.00026666667,0.00026666667,0.00026666667,0.00026666667,0.00026666667,0.00026666667,0.00026666667,0.00026666667,0.00026666667,0.00026666667}",4,15975
bookings,segments,fare_conditions,text,3940944,0.00,,-1,NULL,NULL,NULL,"{Economy,Business,Comfort}","{0.8163,0.104166664,0.07953333}",8,3
bookings,segments,price,"numeric(10,2)",3940944,0.00,,-1,NULL,NULL,NULL,"{3250.00,3750.00,2500.00,4000.00,5000.00,2000.00,5250.00,3000.00,6250.00,5500.00,6000.00,5750.00,4750.00,2750.00,4500.00,7250.00,1750.00,7500.00,6500.00,8000.00,7000.00,2250.00,6750.00,10000.00,8500.00,9000.00,7750.00,12000.00,4225.00,10500.00,3500.00,12500.00,5200.00,9500.00,4250.00,2600.00,11500.00,4875.00,3575.00,8750.00,9250.00,7475.00,2275.00,14000.00,14750.00,11000.00,6825.00,12750.00,8125.00,14500.00,9425.00,11250.00,13500.00,3900.00,7150.00,7800.00,11750.00,15500.00,2925.00,8250.00,13000.00,15000.00,16750.00,9750.00,13250.00,16000.00,35500.00,17000.00,5850.00,14250.00,18000.00,6175.00,35000.00,15250.00,8775.00,28250.00,18500.00,10250.00,30250.00,9100.00,39250.00,27000.00,29000.00,13750.00,16500.00,25500.00,10400.00,17500.00,15750.00,21000.00,50250.00,20000.00,25750.00,10075.00,18525.00,23500.00,29250.00,22500.00,25250.00,26000.00}","{0.08183333,0.058166668,0.054066665,0.053466666,0.045466665,0.0435,0.042733334,0.03596667,0.034033332,0.033,0.0322,0.0317,0.030933334,0.0298,0.025033332,0.024533333,0.018433332,0.017566666,0.014266667,0.014266667,0.0139,0.0132,0.012366666,0.0099,0.009833333,0.009633333,0.009,0.0088,0.008766667,0.007833334,0.0076,0.0071333335,0.0064,0.006233333,0.005866667,0.0057,0.005633333,0.0051,0.0049666665,0.0049666665,0.004166667,0.0040666666,0.0032333334,0.0030333332,0.0030333332,0.0029666666,0.0029333334,0.0028666668,0.0028333333,0.0028,0.0026333334,0.0026333334,0.0026,0.0025666666,0.0024666667,0.0024666667,0.0024666667,0.0024666667,0.0023666667,0.0021,0.002,0.0019,0.0018,0.0017666667,0.0017666667,0.0016333334,0.0016333334,0.0015333333,0.0014666667,0.0014666667,0.0013,0.0012666667,0.0012666667,0.0012333334,0.0011666666,0.0011333333,0.0010666667,0.0009,0.0009,0.00086666667,0.00086666667,0.00083333335,0.0008,0.00076666666,0.00076666666,0.00076666666,0.00073333335,0.0007,0.00063333334,0.00063333334,0.00053333334,0.0005,0.0005,0.00046666668,0.00046666668,0.00046666668,0.00046666668,0.00043333333,0.00043333333,0.00043333333}",5,224
bookings,tickets,ticket_no,text,2973984,0.00,PK,-1,NULL,NULL,NULL,NULL,NULL,14,-1
bookings,tickets,book_ref,character(6),2973984,0.00,FK UNIQUE,6,ONE_TO_ONE,bookings,book_ref,NULL,NULL,7,0
bookings,tickets,passenger_id,text,2973984,0.00,UNIQUE,-1,NULL,NULL,NULL,NULL,NULL,17,-1
bookings,tickets,passenger_name,text,2973984,0.00,,-1,NULL,NULL,NULL,"{""Wei Wang"",""Yan Li"",""Li Wang"",""Wei Zhang"",""Yan Wang"",""Wei Liu"",""Juan Wang"",""Ying Liu"",""Hong Liu"",""Li Zhang"",""Ming Li"",""Wei Li"",""Ying Wang"",""Bin Zhang"",""Hui Wang"",""Jie Chen"",""Lei Liu"",""Lei Wang"",""Ying Li"",""Aarav Singh"",""David Smith"",""Fang Zhang"",""Hong Zhang"",""Hui Li"",""Ping Wang"",""Wei Huang"",""Xin Wang"",""Yan Liu"",""Yan Yang"",""Yan Zhang"",""Ying Chen"",""Yong Wang"",""Yun Wang"",""Bin Li"",""Hui Liu"",""Jun Li"",""Lei Li"",""Liang Wang"",""Li Chen"",""Lin Wang"",""Manoj Singh"",""Min Liu"",""Wenjing Li"",""Xin Chen"",""James Smith"",""Jie Li"",""Juan Li"",""Jun Wang"",""Li Liu"",""Lin Zhang"",""Liping Wang"",""Mark Smith"",""Ming Zhang"",""Ping Chen"",""Ping Li"",""Qiang Li"",""Qing Zhang"",""Robert Smith"",""Santosh Kumar"",""Sunita Devi"",""Xiang Zhang"",""Xiaodong Li"",""Xin Li"",""Xin Zhang"",""Yan Chen"",""Yan Sun"",""Ying Huang"",""Yong Li"",""Yong Liu"",""Yu Zhang""}","{0.0006,0.00056666665,0.0005,0.0005,0.00046666668,0.00043333333,0.00036666667,0.00036666667,0.00033333333,0.00033333333,0.00033333333,0.00033333333,0.00033333333,0.0003,0.0003,0.0003,0.0003,0.0003,0.0003,0.00026666667,0.00026666667,0.00026666667,0.00026666667,0.00026666667,0.00026666667,0.00026666667,0.00026666667,0.00026666667,0.00026666667,0.00026666667,0.00026666667,0.00026666667,0.00026666667,0.00023333334,0.00023333334,0.00023333334,0.00023333334,0.00023333334,0.00023333334,0.00023333334,0.00023333334,0.00023333334,0.00023333334,0.00023333334,0.0002,0.0002,0.0002,0.0002,0.0002,0.0002,0.0002,0.0002,0.0002,0.0002,0.0002,0.0002,0.0002,0.0002,0.0002,0.0002,0.0002,0.0002,0.0002,0.0002,0.0002,0.0002,0.0002,0.0002,0.0002,0.0002}",13,147496
bookings,tickets,outbound,boolean,2973984,0.00,UNIQUE,-1,NULL,NULL,NULL,"{t,f}","{0.6072,0.3928}",1,2
